"","tissue","ENSG00000104814"
"1","Brain",3.7344
"2","Brain",1.6316
"3","Brain",1.9611
"4","Brain",3.3518
"5","Brain",1.0805
"6","Brain",4.2173
"7","Brain",3.6098
"8","Brain",3.3442
"9","Brain",3.1905
"10","Brain",2.8723
"11","Brain",2.3526
"12","Brain",3.4307
"13","Brain",2.3582
"14","Brain",1.3704
"15","Brain",3.9054
"16","Brain",1.7863
"17","Brain",1.5368
"18","Brain",1.9422
"19","Brain",2.2239
"20","Brain",11.4565
"21","Brain",4.327
"22","Brain",3.7283
"23","Brain",2.939
"24","Brain",1.4935
"25","Brain",1.5476
"26","Brain",0.7579
"27","Brain",2.4982
"28","Brain",1.8855
"29","Brain",2.1829
"30","Brain",8.1654
"31","Brain",4.7537
"32","Brain",5.9249
"33","Brain",3.7005
"34","Brain",2.7838
"35","Brain",1.7045
"36","Brain",5.1093
"37","Brain",1.6984
"38","Brain",1.3942
"39","Brain",2.0783
"40","Brain",1.6393
"41","Brain",2.0356
"42","Brain",3.7303
"43","Brain",4.3119
"44","Brain",1.0029
"45","Brain",1.9068
"46","Brain",1.4768
"47","Brain",1.5319
"48","Brain",3.5777
"49","Brain",1.9958
"50","Brain",2.3645
"51","Brain",1.3808
"52","Brain",3.2228
"53","Brain",4.1036
"54","Brain",1.1451
"55","Brain",2.0941
"56","Brain",3.8028
"57","Brain",2.0817
"58","Brain",3.9735
"59","Brain",3.6989
"60","Brain",3.6401
"61","Brain",0.9287
"62","Brain",0.6398
"63","Brain",1.8404
"64","Brain",3.7991
"65","Brain",3.8759
"66","Brain",3.4051
"67","Brain",2.5098
"68","Brain",4.0992
"69","Brain",1.2294
"70","Brain",2.4611
"71","Brain",1.9507
"72","Brain",2.634
"73","Brain",2.5787
"74","Brain",2.5047
"75","Brain",4.0794
"76","Brain",4.4285
"77","Brain",1.1124
"78","Brain",1.7677
"79","Brain",6.0082
"80","Brain",2.145
"81","Brain",3.2221
"82","Brain",1.1181
"83","Brain",3.3811
"84","Brain",5.6149
"85","Brain",1.2372
"86","Brain",1.1991
"87","Brain",2.9026
"88","Brain",1.111
"89","Brain",4.6558
"90","Brain",2.3605
"91","Brain",3.0448
"92","Brain",2.5601
"93","Brain",1.2727
"94","Brain",5.9138
"95","Brain",4.7765
"96","Brain",1.8852
"97","Brain",3.9709
"98","Brain",1.4319
"99","Brain",1.7512
"100","Brain",2.8358
"101","Breast",2.588
"102","Breast",17.9896
"103","Breast",17.3714
"104","Breast",1.9799
"105","Breast",2.8176
"106","Breast",3.8383
"107","Breast",1.273
"108","Breast",3.8307
"109","Breast",8.0078
"110","Breast",3.3965
"111","Breast",8.105
"112","Breast",8.7775
"113","Breast",10.0258
"114","Breast",5.9549
"115","Breast",1.3692
"116","Breast",0.9992
"117","Breast",7.185
"118","Breast",2.5878
"119","Breast",17.4449
"120","Breast",8.0377
"121","Breast",15.3659
"122","Breast",3.475
"123","Breast",6.2435
"124","Breast",7.1829
"125","Breast",2.0994
"126","Breast",14.2147
"127","Breast",5.5433
"128","Breast",3.0561
"129","Breast",5.781
"130","Breast",1.7888
"131","Breast",2.5951
"132","Breast",1.4841
"133","Breast",3.3982
"134","Breast",1.9609
"135","Breast",1.7439
"136","Breast",4.3494
"137","Breast",6.8043
"138","Breast",2.2833
"139","Breast",1.3218
"140","Breast",20.0386
"141","Breast",2.5134
"142","Breast",2.2676
"143","Breast",23.2118
"144","Breast",13.224
"145","Breast",12.0521
"146","Breast",1.7664
"147","Breast",6.1169
"148","Breast",5.1076
"149","Breast",5.1813
"150","Breast",3.5518
"151","Breast",3.764
"152","Breast",4.1022
"153","Breast",4.1106
"154","Breast",15.811
"155","Breast",2.7782
"156","Breast",1.3306
"157","Breast",3.1982
"158","Breast",9.9246
"159","Breast",0.3988
"160","Breast",1.417
"161","Breast",9.8022
"162","Breast",2.1294
"163","Breast",2.7768
"164","Breast",9.3662
"165","Breast",4.9669
"166","Breast",2.3754
"167","Breast",2.6011
"168","Breast",4.1338
"169","Breast",1.7716
"170","Breast",1.8711
"171","Breast",6.8007
"172","Breast",8.652
"173","Breast",2.2037
"174","Breast",3.0555
"175","Breast",2.4431
"176","Breast",1.9816
"177","Breast",2.694
"178","Breast",2.4959
"179","Breast",3.8231
"180","Breast",4.8989
"181","Breast",1.8355
"182","Breast",4.6329
"183","Breast",1.486
"184","Breast",8.4338
"185","Breast",1.8376
"186","Breast",1.4269
"187","Breast",5.9859
"188","Breast",16.3972
"189","Breast",2.0319
"190","Breast",4.146
"191","Breast",5.3574
"192","Breast",2.0625
"193","Breast",1.4215
"194","Breast",1.7022
"195","Breast",4.6471
"196","Breast",1.3684
"197","Breast",2.2691
"198","Breast",1.3564
"199","Breast",1.5918
"200","Breast",3.1705
"201","Colon",4.716
"202","Colon",1.7426
"203","Colon",3.0211
"204","Colon",2.428
"205","Colon",0.5999
"206","Colon",0.5371
"207","Colon",1.2121
"208","Colon",2.1887
"209","Colon",1.6166
"210","Colon",5.7397
"211","Colon",2.1953
"212","Colon",4.8559
"213","Colon",3.4083
"214","Colon",0.3051
"215","Colon",13.1841
"216","Colon",4.3722
"217","Colon",10.3905
"218","Colon",1.2211
"219","Colon",0.5084
"220","Colon",1.8051
"221","Colon",16.5825
"222","Colon",1.0916
"223","Colon",4.205
"224","Colon",2.1068
"225","Colon",1.2398
"226","Colon",3.0688
"227","Colon",5.5558
"228","Colon",1.4796
"229","Colon",1.6913
"230","Colon",3.4181
"231","Colon",0.295
"232","Colon",2.1382
"233","Colon",5.3048
"234","Colon",3.1191
"235","Colon",1.5655
"236","Colon",2.8225
"237","Colon",11.672
"238","Colon",4.9741
"239","Colon",0.5416
"240","Colon",1.4929
"241","Colon",2.4875
"242","Colon",2.3278
"243","Colon",1.8451
"244","Colon",5.402
"245","Colon",2.1819
"246","Colon",1.6261
"247","Colon",3.095
"248","Colon",0.6144
"249","Colon",0.2898
"250","Colon",9.2619
"251","Colon",2.8208
"252","Colon",0.6048
"253","Colon",0.8853
"254","Colon",18.2442
"255","Colon",0.2074
"256","Colon",1.2395
"257","Colon",2.5263
"258","Colon",5.2683
"259","Colon",0.6956
"260","Colon",2.3614
"261","Colon",2.3031
"262","Colon",2.9534
"263","Colon",2.6561
"264","Colon",1.1467
"265","Colon",1.0205
"266","Colon",1.5976
"267","Colon",3.2023
"268","Colon",5.2462
"269","Colon",0.2503
"270","Colon",3.9185
"271","Colon",4.7421
"272","Colon",1.9691
"273","Colon",1.3928
"274","Colon",1.4146
"275","Colon",1.4824
"276","Colon",1.6189
"277","Colon",6.1471
"278","Colon",0.7787
"279","Colon",1.794
"280","Colon",4.5166
"281","Colon",0.3914
"282","Colon",4.2126
"283","Colon",4.1026
"284","Colon",2.1563
"285","Colon",1.8113
"286","Colon",1.1318
"287","Colon",1.7526
"288","Colon",7.9902
"289","Colon",0.7189
"290","Colon",1.6936
"291","Colon",1.9934
"292","Colon",3.6603
"293","Colon",3.6908
"294","Colon",0.2508
"295","Colon",9.8663
"296","Colon",3.683
"297","Colon",2.488
"298","Colon",12.7306
"299","Colon",3.8287
"300","Colon",2.8847
"301","Esophagus",3.2845
"302","Esophagus",2.2116
"303","Esophagus",1.8183
"304","Esophagus",9.521
"305","Esophagus",1.2878
"306","Esophagus",3.8518
"307","Esophagus",10.5588
"308","Esophagus",1.5807
"309","Esophagus",4.6771
"310","Esophagus",2.7368
"311","Esophagus",1.117
"312","Esophagus",7.9443
"313","Esophagus",9.2344
"314","Esophagus",1.8546
"315","Esophagus",0.7099
"316","Esophagus",2.6452
"317","Esophagus",1.9238
"318","Esophagus",0.9932
"319","Esophagus",3.4946
"320","Esophagus",0.5933
"321","Esophagus",2.4363
"322","Esophagus",4.5116
"323","Esophagus",2.5498
"324","Esophagus",5.3385
"325","Esophagus",1.9999
"326","Esophagus",4.5994
"327","Esophagus",2.1222
"328","Esophagus",1.955
"329","Esophagus",0.81
"330","Esophagus",2.7235
"331","Esophagus",1.874
"332","Esophagus",1.5387
"333","Esophagus",1.1289
"334","Esophagus",1.005
"335","Esophagus",1.7042
"336","Esophagus",11.2381
"337","Esophagus",1.8198
"338","Esophagus",6.0156
"339","Esophagus",0.3477
"340","Esophagus",4.6727
"341","Esophagus",7.7924
"342","Esophagus",1.3468
"343","Esophagus",5.8021
"344","Esophagus",2.1069
"345","Esophagus",6.4584
"346","Esophagus",2.9277
"347","Esophagus",7.3228
"348","Esophagus",1.2457
"349","Esophagus",0.7716
"350","Esophagus",3.4121
"351","Esophagus",0.4859
"352","Esophagus",1.389
"353","Esophagus",6.2487
"354","Esophagus",1.1164
"355","Esophagus",4.1824
"356","Esophagus",9.7872
"357","Esophagus",2.3742
"358","Esophagus",4.12
"359","Esophagus",2.0698
"360","Esophagus",1.1229
"361","Esophagus",0.871
"362","Esophagus",7.1848
"363","Esophagus",1.6917
"364","Esophagus",4.3489
"365","Esophagus",13.1062
"366","Esophagus",4.7481
"367","Esophagus",5.1437
"368","Esophagus",3.2033
"369","Esophagus",2.1028
"370","Esophagus",0.225
"371","Esophagus",4.4353
"372","Esophagus",0.6876
"373","Esophagus",13.0941
"374","Esophagus",6.6018
"375","Esophagus",3.6431
"376","Esophagus",3.2096
"377","Esophagus",1.2605
"378","Esophagus",3.5793
"379","Esophagus",1.5588
"380","Esophagus",2.6097
"381","Esophagus",59.2214
"382","Esophagus",2.0986
"383","Esophagus",0.7008
"384","Esophagus",0.4997
"385","Esophagus",13.5668
"386","Esophagus",13.5709
"387","Esophagus",2.6091
"388","Esophagus",8.4293
"389","Esophagus",4.0971
"390","Esophagus",4.5957
"391","Esophagus",4.9128
"392","Esophagus",3.8132
"393","Esophagus",9.0322
"394","Esophagus",0.7359
"395","Esophagus",1.5685
"396","Esophagus",5.2175
"397","Esophagus",6.8607
"398","Esophagus",4.366
"399","Esophagus",6.722
"400","Esophagus",1.1504
"401","Kidney",2.0126
"402","Kidney",1.0211
"403","Kidney",18.3592
"404","Kidney",1.1122
"405","Kidney",0.3109
"406","Kidney",1.4257
"407","Kidney",1.0843
"408","Kidney",4.0438
"409","Kidney",8.2125
"410","Kidney",7.662
"411","Kidney",2.3657
"412","Kidney",0.466
"413","Kidney",0.719
"414","Kidney",3.4158
"415","Kidney",0.2643
"416","Kidney",2.3366
"417","Kidney",8.6824
"418","Kidney",7.5263
"419","Kidney",4.2753
"420","Kidney",5.3296
"421","Kidney",2.9862
"422","Kidney",3.2603
"423","Kidney",3.9651
"424","Kidney",15.1786
"425","Kidney",1.5295
"426","Kidney",1.0934
"427","Kidney",10.8841
"428","Kidney",15.2345
"429","Kidney",4.6981
"430","Kidney",4.3558
"431","Kidney",5.1545
"432","Kidney",4.0829
"433","Kidney",2.0174
"434","Kidney",2.2504
"435","Kidney",1.6572
"436","Kidney",2.4617
"437","Kidney",4.1552
"438","Kidney",0.9015
"439","Kidney",8.9187
"440","Kidney",0.3446
"441","Kidney",6.0763
"442","Kidney",3.1128
"443","Kidney",0.709
"444","Kidney",18.6364
"445","Kidney",0.8234
"446","Kidney",5.1401
"447","Kidney",5.3116
"448","Kidney",6.8148
"449","Kidney",3.3415
"450","Kidney",2.2299
"451","Kidney",1.723
"452","Kidney",4.377
"453","Kidney",0.4965
"454","Kidney",2.8122
"455","Kidney",1.9412
"456","Kidney",1.6373
"457","Kidney",0.2933
"458","Kidney",4.2797
"459","Kidney",0.4104
"460","Kidney",5.4976
"461","Kidney",4.491
"462","Kidney",2.3368
"463","Kidney",4.8155
"464","Kidney",5.8683
"465","Kidney",0.5315
"466","Kidney",0.6303
"467","Kidney",2.668
"468","Kidney",1.479
"469","Kidney",12.1236
"470","Kidney",4.3963
"471","Kidney",3.2567
"472","Kidney",0.4882
"473","Kidney",4.2946
"474","Kidney",1.6083
"475","Kidney",0.2656
"476","Kidney",2.8534
"477","Kidney",6.9548
"478","Kidney",2.503
"479","Kidney",0.5945
"480","Kidney",3.0228
"481","Kidney",5.6781
"482","Kidney",2.3815
"483","Kidney",6.3317
"484","Kidney",3.0205
"485","Kidney",4.2558
"486","Kidney",0.7642
"487","Kidney",0.4486
"488","Kidney",4.8372
"489","Kidney",12.9586
"490","Kidney",2.3304
"491","Kidney",2.0524
"492","Kidney",5.3352
"493","Kidney",3.2955
"494","Kidney",4.137
"495","Kidney",0.2805
"496","Kidney",1.9859
"497","Kidney",3.6078
"498","Kidney",2.6547
"499","Kidney",25.2947
"500","Kidney",6.6132
"501","Liver",0.4277
"502","Liver",1.0541
"503","Liver",0.4437
"504","Liver",0.5705
"505","Liver",0.8227
"506","Liver",2.0799
"507","Liver",1.0825
"508","Liver",1.7669
"509","Liver",0.2923
"510","Liver",3.8157
"511","Liver",0.8005
"512","Liver",1.3292
"513","Liver",5.7962
"514","Liver",2.4551
"515","Liver",0.3478
"516","Liver",6.4431
"517","Liver",1.6888
"518","Liver",0.5892
"519","Liver",0.687
"520","Liver",1.3896
"521","Liver",1.4268
"522","Liver",1.5089
"523","Liver",2.97
"524","Liver",1.0694
"525","Liver",1.5413
"526","Liver",2.3568
"527","Liver",1.4595
"528","Liver",0.6628
"529","Liver",2.1828
"530","Liver",0.6556
"531","Liver",1.9259
"532","Liver",2.0222
"533","Liver",0.7145
"534","Liver",5.4938
"535","Liver",7.6627
"536","Liver",3.4363
"537","Liver",1.6983
"538","Liver",1.229
"539","Liver",1.6366
"540","Liver",1.2584
"541","Liver",2.5499
"542","Liver",0.6522
"543","Liver",1.6302
"544","Liver",2.9237
"545","Liver",0.4178
"546","Liver",1.8162
"547","Liver",2.7166
"548","Liver",0.6308
"549","Liver",0.6652
"550","Liver",1.5168
"551","Liver",0.5244
"552","Liver",2.5305
"553","Liver",0.6895
"554","Liver",0.909
"555","Liver",1.575
"556","Liver",0.7523
"557","Liver",2.5198
"558","Liver",0.5596
"559","Liver",0.8559
"560","Liver",0.4881
"561","Liver",0.7592
"562","Liver",0.5459
"563","Liver",5.4853
"564","Liver",2.6846
"565","Liver",2.2587
"566","Liver",2.639
"567","Liver",10.2033
"568","Liver",12.0163
"569","Liver",0.8502
"570","Liver",0.9794
"571","Liver",1.3381
"572","Liver",2.4156
"573","Liver",0.4432
"574","Liver",2.5576
"575","Liver",11.7003
"576","Liver",0.483
"577","Liver",2.1218
"578","Liver",0.2674
"579","Liver",1.0986
"580","Liver",0.8651
"581","Liver",3.3131
"582","Liver",0.6164
"583","Liver",4.6122
"584","Liver",1.4396
"585","Liver",1.0427
"586","Liver",6.1631
"587","Liver",1.2232
"588","Liver",4.9038
"589","Liver",0.9718
"590","Liver",0.6095
"591","Liver",2.2545
"592","Liver",10.629
"593","Liver",3.3776
"594","Liver",0.4507
"595","Liver",0.8295
"596","Liver",0.8833
"597","Liver",0.908
"598","Liver",12.1497
"599","Liver",0.6562
"600","Liver",4.1596
"601","Lung",11.91
"602","Lung",9.7326
"603","Lung",2.8032
"604","Lung",7.3042
"605","Lung",6.6553
"606","Lung",8.0588
"607","Lung",5.1782
"608","Lung",10.8358
"609","Lung",13.4315
"610","Lung",13.1885
"611","Lung",6.456
"612","Lung",9.7915
"613","Lung",5.526
"614","Lung",9.4571
"615","Lung",9.4362
"616","Lung",2.0439
"617","Lung",9.0625
"618","Lung",6.4064
"619","Lung",4.4448
"620","Lung",16.3286
"621","Lung",15.9815
"622","Lung",5.4312
"623","Lung",9.3567
"624","Lung",0.6744
"625","Lung",15.9522
"626","Lung",16.0081
"627","Lung",10.3117
"628","Lung",7.6046
"629","Lung",2.9543
"630","Lung",4.3624
"631","Lung",5.8672
"632","Lung",6.47
"633","Lung",7.647
"634","Lung",6.8159
"635","Lung",4.8312
"636","Lung",6.8653
"637","Lung",2.0806
"638","Lung",3.8322
"639","Lung",2.2353
"640","Lung",11.3064
"641","Lung",35.9923
"642","Lung",0.8856
"643","Lung",7.1746
"644","Lung",7.7905
"645","Lung",1.6671
"646","Lung",4.815
"647","Lung",1.5436
"648","Lung",3.6654
"649","Lung",24.9791
"650","Lung",2.351
"651","Lung",7.253
"652","Lung",7.524
"653","Lung",10.0941
"654","Lung",4.1096
"655","Lung",4.8869
"656","Lung",14.5514
"657","Lung",2.8054
"658","Lung",9.9425
"659","Lung",7.9803
"660","Lung",12.7466
"661","Lung",2.4784
"662","Lung",3.3283
"663","Lung",10.1852
"664","Lung",7.2498
"665","Lung",11.1949
"666","Lung",10.973
"667","Lung",12.2791
"668","Lung",3.0116
"669","Lung",10.3083
"670","Lung",25.8817
"671","Lung",3.0696
"672","Lung",13.9731
"673","Lung",8.8735
"674","Lung",7.614
"675","Lung",3.8226
"676","Lung",5.5906
"677","Lung",3.4253
"678","Lung",1.3751
"679","Lung",2.7483
"680","Lung",5.1878
"681","Lung",4.2686
"682","Lung",11.7214
"683","Lung",27.0018
"684","Lung",9.8471
"685","Lung",32.6325
"686","Lung",11.7728
"687","Lung",8.2107
"688","Lung",8.9026
"689","Lung",1.9218
"690","Lung",17.9907
"691","Lung",12.4569
"692","Lung",6.6119
"693","Lung",2.0807
"694","Lung",2.2164
"695","Lung",2.1597
"696","Lung",3.8633
"697","Lung",10.5982
"698","Lung",5.0812
"699","Lung",9.6108
"700","Lung",7.5324
"701","Ovary",7.3244
"702","Ovary",21.1687
"703","Ovary",7.9107
"704","Ovary",10.3871
"705","Ovary",5.1265
"706","Ovary",8.5957
"707","Ovary",10.8231
"708","Ovary",6.8803
"709","Ovary",28.9746
"710","Ovary",4.1023
"711","Ovary",16.4365
"712","Ovary",15.6659
"713","Ovary",4.3822
"714","Ovary",6.1115
"715","Ovary",4.8973
"716","Ovary",3.7396
"717","Ovary",8.8621
"718","Ovary",11.8836
"719","Ovary",3.7112
"720","Ovary",4.7514
"721","Ovary",4.1278
"722","Ovary",4.0861
"723","Ovary",4.4715
"724","Ovary",3.6108
"725","Ovary",2.8829
"726","Ovary",15.9389
"727","Ovary",12.5719
"728","Ovary",6.4657
"729","Ovary",11.2208
"730","Ovary",5.9675
"731","Ovary",1.3574
"732","Ovary",8.1158
"733","Ovary",17.2524
"734","Ovary",5.3487
"735","Ovary",4.28
"736","Ovary",13.515
"737","Ovary",7.1586
"738","Ovary",4.5069
"739","Ovary",8.04
"740","Ovary",2.4132
"741","Ovary",13.5634
"742","Ovary",3.3646
"743","Ovary",3.8296
"744","Ovary",2.0897
"745","Ovary",12.5348
"746","Ovary",4.7208
"747","Ovary",9.9316
"748","Ovary",3.0782
"749","Ovary",2.6598
"750","Ovary",7.7375
"751","Ovary",9.1202
"752","Ovary",6.3134
"753","Ovary",7.2019
"754","Ovary",7.3466
"755","Ovary",6.0484
"756","Ovary",4.8518
"757","Ovary",3.7967
"758","Ovary",9.5589
"759","Ovary",1.565
"760","Ovary",15.3087
"761","Ovary",12.2999
"762","Ovary",6.9611
"763","Ovary",7.7343
"764","Ovary",3.8989
"765","Ovary",7.574
"766","Ovary",9.6134
"767","Ovary",15.1159
"768","Ovary",3.8299
"769","Ovary",0.501
"770","Ovary",4.0096
"771","Ovary",6.1263
"772","Ovary",3.1288
"773","Ovary",6.5193
"774","Ovary",9.1476
"775","Ovary",9.2618
"776","Ovary",3.4319
"777","Ovary",2.6537
"778","Ovary",15.1865
"779","Ovary",7.5824
"780","Ovary",3.7885
"781","Ovary",1.1469
"782","Ovary",14.4021
"783","Ovary",13.7051
"784","Ovary",90.8357
"785","Ovary",3.498
"786","Ovary",3.8912
"787","Ovary",6.766
"788","Ovary",7.4995
"789","Ovary",10.3383
"790","Ovary",2.1403
"791","Ovary",2.5203
"792","Ovary",4.4756
"793","Ovary",3.0551
"794","Ovary",16.2299
"795","Ovary",13.9604
"796","Ovary",11.1608
"797","Ovary",8.7446
"798","Ovary",5.234
"799","Ovary",6.1313
"800","Ovary",11.7939
"801","Pancreas",27.2249
"802","Pancreas",3.1869
"803","Pancreas",9.5215
"804","Pancreas",127.7776
"805","Pancreas",10.7793
"806","Pancreas",1.7122
"807","Pancreas",0.3763
"808","Pancreas",5.2354
"809","Pancreas",8.7711
"810","Pancreas",1.2305
"811","Pancreas",2.1087
"812","Pancreas",11.1847
"813","Pancreas",3.7512
"814","Pancreas",3.3432
"815","Pancreas",7.2713
"816","Pancreas",4.0317
"817","Pancreas",1.744
"818","Pancreas",9.5105
"819","Pancreas",2.3492
"820","Pancreas",2.3924
"821","Pancreas",13.6953
"822","Pancreas",1.0568
"823","Pancreas",2.609
"824","Pancreas",1.7998
"825","Pancreas",1.5774
"826","Pancreas",2.5009
"827","Pancreas",1.573
"828","Pancreas",4.594
"829","Pancreas",4.5
"830","Pancreas",5.0715
"831","Pancreas",7.0956
"832","Pancreas",11.0978
"833","Pancreas",5.0161
"834","Pancreas",3.0955
"835","Pancreas",7.7723
"836","Pancreas",2.2366
"837","Pancreas",5.3003
"838","Pancreas",5.9024
"839","Pancreas",1.0135
"840","Pancreas",5.3543
"841","Pancreas",6.6604
"842","Pancreas",7.0945
"843","Pancreas",5.6659
"844","Pancreas",1.7435
"845","Pancreas",14.2312
"846","Pancreas",10.103
"847","Pancreas",59.3661
"848","Pancreas",2.4172
"849","Pancreas",7.5043
"850","Pancreas",1.734
"851","Pancreas",1.3852
"852","Pancreas",0.305
"853","Pancreas",0.8342
"854","Pancreas",8.0785
"855","Pancreas",3.8367
"856","Pancreas",5.7003
"857","Pancreas",9.5017
"858","Pancreas",0.7293
"859","Pancreas",11.5168
"860","Pancreas",6.3217
"861","Pancreas",0.6817
"862","Pancreas",8.2012
"863","Pancreas",5.6083
"864","Pancreas",6.1402
"865","Pancreas",6.825
"866","Pancreas",5.0713
"867","Pancreas",1.2843
"868","Pancreas",1.6112
"869","Pancreas",8.9072
"870","Pancreas",3.2992
"871","Pancreas",11.4287
"872","Pancreas",24.5629
"873","Pancreas",2.0487
"874","Pancreas",2.4489
"875","Pancreas",3.0982
"876","Pancreas",16.0539
"877","Pancreas",3.6126
"878","Pancreas",2.4647
"879","Pancreas",6.1928
"880","Pancreas",18.2389
"881","Pancreas",34.0428
"882","Pancreas",2.4127
"883","Pancreas",1.8061
"884","Pancreas",1.1531
"885","Pancreas",2.5372
"886","Pancreas",3.2876
"887","Pancreas",8.2397
"888","Pancreas",7.64
"889","Pancreas",2.3983
"890","Pancreas",8.2173
"891","Pancreas",2.4201
"892","Pancreas",6.6797
"893","Pancreas",1.6472
"894","Pancreas",2.4337
"895","Pancreas",0.8794
"896","Pancreas",13.8118
"897","Pancreas",4.951
"898","Pancreas",1.0532
"899","Pancreas",2.2172
"900","Pancreas",5.0327
"901","Prostate",0.5484
"902","Prostate",2.4005
"903","Prostate",2.6771
"904","Prostate",3.3055
"905","Prostate",4.0309
"906","Prostate",1.8878
"907","Prostate",2.4294
"908","Prostate",0.8567
"909","Prostate",0.7721
"910","Prostate",0.599
"911","Prostate",1.2908
"912","Prostate",1.3698
"913","Prostate",3.2464
"914","Prostate",2.4264
"915","Prostate",6.3195
"916","Prostate",0.6327
"917","Prostate",2.8155
"918","Prostate",5.1739
"919","Prostate",0.4545
"920","Prostate",0.3625
"921","Prostate",1.2523
"922","Prostate",1.6317
"923","Prostate",1.5288
"924","Prostate",6.2572
"925","Prostate",6.8279
"926","Prostate",2.5575
"927","Prostate",1.0444
"928","Prostate",13.2984
"929","Prostate",2.9212
"930","Prostate",1.3016
"931","Prostate",4.8311
"932","Prostate",2.5152
"933","Prostate",3.8729
"934","Prostate",2.9206
"935","Prostate",0.7864
"936","Prostate",1.7794
"937","Prostate",0.9828
"938","Prostate",3.3
"939","Prostate",5.6098
"940","Prostate",4.5826
"941","Prostate",9.4174
"942","Prostate",5.0153
"943","Prostate",1.9609
"944","Prostate",1.148
"945","Prostate",1.232
"946","Prostate",0.6434
"947","Prostate",0.9711
"948","Prostate",3.8544
"949","Prostate",1.4761
"950","Prostate",1.5067
"951","Prostate",2.4958
"952","Prostate",1.5824
"953","Prostate",2.0769
"954","Prostate",0.766
"955","Prostate",2.5364
"956","Prostate",0.7561
"957","Prostate",2.6602
"958","Prostate",1.9761
"959","Prostate",1.1205
"960","Prostate",4.7296
"961","Prostate",6.0744
"962","Prostate",2.9006
"963","Prostate",1.4091
"964","Prostate",1.0293
"965","Prostate",1.1917
"966","Prostate",0.4274
"967","Prostate",1.0513
"968","Prostate",1.7616
"969","Prostate",1.7755
"970","Prostate",4.13
"971","Prostate",1.2741
"972","Prostate",0.8461
"973","Prostate",3.0671
"974","Prostate",1.2278
"975","Prostate",1.1984
"976","Prostate",0.9708
"977","Prostate",1.5017
"978","Prostate",2.626
"979","Prostate",4.2917
"980","Prostate",0.4989
"981","Prostate",1.404
"982","Prostate",2.8392
"983","Prostate",0.6951
"984","Prostate",2.8366
"985","Prostate",3.4743
"986","Prostate",1.7125
"987","Prostate",2.1674
"988","Prostate",2.8579
"989","Prostate",24.2725
"990","Prostate",1.8356
"991","Prostate",2.0322
"992","Prostate",6.6703
"993","Prostate",1.0976
"994","Prostate",8.7362
"995","Prostate",1.2874
"996","Prostate",4.2374
"997","Prostate",2.7512
"998","Prostate",3.4419
"999","Prostate",3.9503
"1000","Prostate",5.0295
"1001","Skin",8.9882
"1002","Skin",4.7225
"1003","Skin",50.7575
"1004","Skin",1.1066
"1005","Skin",4.0016
"1006","Skin",1.0669
"1007","Skin",2.123
"1008","Skin",41.153
"1009","Skin",5.7403
"1010","Skin",15.6054
"1011","Skin",1.0006
"1012","Skin",3.4543
"1013","Skin",22.7131
"1014","Skin",23.4552
"1015","Skin",2.9682
"1016","Skin",2.8215
"1017","Skin",3.1142
"1018","Skin",25.3331
"1019","Skin",15.5786
"1020","Skin",3.1311
"1021","Skin",13.6282
"1022","Skin",1.3864
"1023","Skin",5.415
"1024","Skin",2.0633
"1025","Skin",5.4983
"1026","Skin",3.1326
"1027","Skin",7.2343
"1028","Skin",18.4665
"1029","Skin",1.9973
"1030","Skin",2.9254
"1031","Skin",2.3537
"1032","Skin",56.883
"1033","Skin",2.5963
"1034","Skin",3.5078
"1035","Skin",3.2151
"1036","Skin",20.8551
"1037","Skin",11.1353
"1038","Skin",3.996
"1039","Skin",11.5786
"1040","Skin",9.9722
"1041","Skin",6.2621
"1042","Skin",6.5272
"1043","Skin",14.405
"1044","Skin",2.9273
"1045","Skin",33.1356
"1046","Skin",20.5266
"1047","Skin",6.3634
"1048","Skin",6.6514
"1049","Skin",4.6868
"1050","Skin",42.8855
"1051","Skin",18.4266
"1052","Skin",1.1445
"1053","Skin",8.9928
"1054","Skin",6.353
"1055","Skin",11.4909
"1056","Skin",10.1199
"1057","Skin",2.7745
"1058","Skin",4.8008
"1059","Skin",4.6437
"1060","Skin",17.0485
"1061","Skin",5.5576
"1062","Skin",25.16
"1063","Skin",2.1014
"1064","Skin",1.6793
"1065","Skin",34.5368
"1066","Skin",16.787
"1067","Skin",7.6515
"1068","Skin",2.8549
"1069","Skin",1.447
"1070","Skin",8.685
"1071","Skin",3.7329
"1072","Skin",1.2265
"1073","Skin",2.9761
"1074","Skin",2.6976
"1075","Skin",4.346
"1076","Skin",1.24
"1077","Skin",1.3194
"1078","Skin",9.6146
"1079","Skin",1.0278
"1080","Skin",21.7515
"1081","Skin",0.4041
"1082","Skin",3.3242
"1083","Skin",20.6297
"1084","Skin",2.8038
"1085","Skin",41.5563
"1086","Skin",83.4605
"1087","Skin",3.5774
"1088","Skin",30.4108
"1089","Skin",5.5745
"1090","Skin",12.207
"1091","Skin",6.7424
"1092","Skin",8.2431
"1093","Skin",1.3049
"1094","Skin",1.1136
"1095","Skin",16.0528
"1096","Skin",3.5025
"1097","Skin",30.965
"1098","Skin",2.6457
"1099","Skin",17.4218
"1100","Skin",5.2986
"1101","Small_Intestine",85.3216
"1102","Small_Intestine",174.4084
"1103","Small_Intestine",209.5396
"1104","Stomach",1.4995
"1105","Stomach",6.0715
"1106","Stomach",15.3343
"1107","Stomach",1.8608
"1108","Stomach",0.6809
"1109","Stomach",32.4704
"1110","Stomach",4.2556
"1111","Stomach",3.6495
"1112","Stomach",6.718
"1113","Stomach",4.6034
"1114","Stomach",20.9793
"1115","Stomach",3.6219
"1116","Stomach",5.168
"1117","Stomach",6.7418
"1118","Stomach",8.6484
"1119","Stomach",2.7826
"1120","Stomach",4.1846
"1121","Stomach",0.7474
"1122","Stomach",1.1392
"1123","Stomach",1.918
"1124","Stomach",8.4297
"1125","Stomach",26.0717
"1126","Stomach",6.0909
"1127","Stomach",0.8974
"1128","Stomach",14.7288
"1129","Stomach",3.1188
"1130","Stomach",0.4003
"1131","Stomach",4.7476
"1132","Stomach",3.8346
"1133","Stomach",2.4932
"1134","Stomach",1.5171
"1135","Stomach",4.6111
"1136","Stomach",2.9715
"1137","Stomach",1.5525
"1138","Stomach",1.0671
"1139","Stomach",10.6138
"1140","Stomach",6.4424
"1141","Stomach",0.8928
"1142","Stomach",1.8005
"1143","Stomach",3.9683
"1144","Stomach",7.7581
"1145","Stomach",8.4267
"1146","Stomach",5.4114
"1147","Stomach",14.0231
"1148","Stomach",5.1151
"1149","Stomach",12.4641
"1150","Stomach",20.546
"1151","Stomach",5.4426
"1152","Stomach",17.4402
"1153","Stomach",10.4303
"1154","Stomach",3.113
"1155","Stomach",13.0866
"1156","Stomach",1.6992
"1157","Stomach",4.4898
"1158","Stomach",5.6651
"1159","Stomach",3.8907
"1160","Stomach",0.7004
"1161","Stomach",6.5008
"1162","Stomach",8.4171
"1163","Stomach",3.1148
"1164","Stomach",1.2029
"1165","Stomach",56.8914
"1166","Stomach",7.9001
"1167","Stomach",1.4124
"1168","Stomach",11.0811
"1169","Stomach",10.355
"1170","Stomach",7.1286
"1171","Stomach",1.1748
"1172","Stomach",23.1151
"1173","Stomach",2.8602
"1174","Stomach",3.0149
"1175","Stomach",2.2821
"1176","Stomach",2.2783
"1177","Stomach",26.664
"1178","Stomach",4.9182
"1179","Stomach",2.4967
"1180","Stomach",2.3647
"1181","Stomach",17.8052
"1182","Stomach",0.7482
"1183","Stomach",2.0828
"1184","Stomach",2.8098
"1185","Stomach",15.1657
"1186","Stomach",1.936
"1187","Stomach",2.426
"1188","Stomach",2.1405
"1189","Stomach",0.5809
"1190","Stomach",0.6704
"1191","Stomach",4.7452
"1192","Stomach",5.1361
"1193","Stomach",3.8018
"1194","Stomach",2.7659
"1195","Stomach",1.6144
"1196","Stomach",0.8735
"1197","Stomach",3.3787
"1198","Stomach",3.3212
"1199","Stomach",10.1291
"1200","Stomach",4.1816
"1201","Stomach",7.4981
"1202","Stomach",9.1607
"1203","Stomach",24.2751
"1204","Thyroid",2.2352
"1205","Thyroid",13.5749
"1206","Thyroid",13.5597
"1207","Thyroid",2.8609
"1208","Thyroid",4.3711
"1209","Thyroid",2.8564
"1210","Thyroid",3.5623
"1211","Thyroid",1.3834
"1212","Thyroid",6.9239
"1213","Thyroid",1.986
"1214","Thyroid",1.2495
"1215","Thyroid",0.3565
"1216","Thyroid",2.193
"1217","Thyroid",6.107
"1218","Thyroid",3.575
"1219","Thyroid",6.3831
"1220","Thyroid",7.4104
"1221","Thyroid",5.2825
"1222","Thyroid",1.4759
"1223","Thyroid",9.0886
"1224","Thyroid",3.4378
"1225","Thyroid",0.6733
"1226","Thyroid",4.7888
"1227","Thyroid",1.2413
"1228","Thyroid",2.9043
"1229","Thyroid",2.5966
"1230","Thyroid",3.3018
"1231","Thyroid",4.9871
"1232","Thyroid",3.2536
"1233","Thyroid",6.7339
"1234","Thyroid",2.3931
"1235","Thyroid",0.606
"1236","Thyroid",0.4195
"1237","Thyroid",13.7691
"1238","Thyroid",8.898
"1239","Thyroid",3.6799
"1240","Thyroid",1.7664
"1241","Thyroid",2.4442
"1242","Thyroid",11.8093
"1243","Thyroid",4.0635
"1244","Thyroid",3.7544
"1245","Thyroid",4.2413
"1246","Thyroid",5.4412
"1247","Thyroid",1.8131
"1248","Thyroid",8.0374
"1249","Thyroid",2.5591
"1250","Thyroid",2.6375
"1251","Thyroid",3.169
"1252","Thyroid",4.8784
"1253","Thyroid",3.701
"1254","Thyroid",1.3803
"1255","Thyroid",0.7646
"1256","Thyroid",2.8013
"1257","Thyroid",2.3161
"1258","Thyroid",2.8764
"1259","Thyroid",11.3666
"1260","Thyroid",7.368
"1261","Thyroid",14.0182
"1262","Thyroid",4.5943
"1263","Thyroid",1.7802
"1264","Thyroid",3.198
"1265","Thyroid",1.8983
"1266","Thyroid",4.1176
"1267","Thyroid",5.7251
"1268","Thyroid",10.3875
"1269","Thyroid",2.308
"1270","Thyroid",1.0823
"1271","Thyroid",12.6796
"1272","Thyroid",2.9447
"1273","Thyroid",0.8287
"1274","Thyroid",8.9475
"1275","Thyroid",3.1938
"1276","Thyroid",1.1536
"1277","Thyroid",1.6269
"1278","Thyroid",14.0568
"1279","Thyroid",1.5106
"1280","Thyroid",0.7111
"1281","Thyroid",31.7445
"1282","Thyroid",0.6273
"1283","Thyroid",3.7778
"1284","Thyroid",5.6516
"1285","Thyroid",4.7799
"1286","Thyroid",4.511
"1287","Thyroid",7.6357
"1288","Thyroid",170.6651
"1289","Thyroid",4.6765
"1290","Thyroid",0.5978
"1291","Thyroid",4.5658
"1292","Thyroid",1.8229
"1293","Thyroid",2.0347
"1294","Thyroid",17.0476
"1295","Thyroid",6.4883
"1296","Thyroid",0.9847
"1297","Thyroid",4.2611
"1298","Thyroid",3.685
"1299","Thyroid",0.6698
"1300","Thyroid",3.7263
"1301","Thyroid",1.1323
"1302","Thyroid",4.0811
"1303","Thyroid",1.1454
"1304","Uterus",1.2926
"1305","Uterus",6.9407
"1306","Uterus",25.7602
"1307","Uterus",6.6221
"1308","Uterus",3.8887
"1309","Uterus",5.8791
"1310","Uterus",4.2269
"1311","Uterus",6.5818
"1312","Uterus",2.6997
"1313","Uterus",14.4002
"1314","Uterus",1.8085
"1315","Uterus",2.3171
"1316","Uterus",20.8448
"1317","Uterus",5.3956
"1318","Uterus",1.6491
"1319","Uterus",13.5051
"1320","Uterus",3.2987
"1321","Uterus",5.5917
"1322","Uterus",3.7106
"1323","Uterus",5.4909
"1324","Uterus",1.4599
"1325","Uterus",3.1645
"1326","Uterus",1.1082
"1327","Uterus",1.8689
"1328","Uterus",1.8525
"1329","Uterus",6.3937
"1330","Uterus",10.2843
"1331","Uterus",0.8921
"1332","Uterus",12.8104
"1333","Uterus",1.9249
"1334","Uterus",2.7901
"1335","Uterus",2.3997
"1336","Uterus",2.0291
"1337","Uterus",6.4443
"1338","Uterus",5.4171
"1339","Uterus",5.0255
"1340","Uterus",2.3577
"1341","Uterus",6.5951
"1342","Uterus",3.6254
"1343","Uterus",17.2355
"1344","Uterus",7.0865
"1345","Uterus",3.8898
"1346","Uterus",3.8418
"1347","Uterus",2.623
"1348","Uterus",0.7653
"1349","Uterus",3.368
"1350","Uterus",1.0033
"1351","Uterus",5.371
"1352","Uterus",1.4021
"1353","Uterus",3.675
"1354","Uterus",12.3554
"1355","Uterus",2.087
"1356","Uterus",0.8088
"1357","Uterus",21.226
"1358","Uterus",3.836
"1359","Uterus",1.8303
"1360","Uterus",3.9407
"1361","Uterus",6.7071
"1362","Uterus",7.4297
"1363","Uterus",1.2998
"1364","Uterus",1.3319
"1365","Uterus",2.6495
"1366","Uterus",0.7052
"1367","Uterus",1.7287
"1368","Uterus",5.0604
"1369","Uterus",7.2123
"1370","Uterus",4.7173
"1371","Uterus",6.951
"1372","Uterus",4.7323
"1373","Uterus",1.6468
"1374","Uterus",11.9736
"1375","Uterus",7.5982
"1376","Uterus",3.0768
"1377","Uterus",1.2044
"1378","Uterus",3.4071
"1379","Uterus",5.8223
"1380","Uterus",1.7667
"1381","Uterus",2.1072
"1382","Uterus",2.8513
"1383","Uterus",0.3788
"1384","Uterus",1.4128
"1385","Uterus",14.0967
"1386","Uterus",9.6883
"1387","Uterus",7.5901
"1388","Uterus",1.9481
"1389","Uterus",5.5098
"1390","Uterus",2.7403
"1391","Uterus",2.0355
"1392","Uterus",2.8341
"1393","Uterus",1.6704
"1394","Uterus",3.7245
"1395","Uterus",0.9048
"1396","Uterus",1.8671
"1397","Uterus",2.1141
"1398","Uterus",2.5028
"1399","Uterus",2.4038
"1400","Uterus",7.4726
"1401","Uterus",10.652
